Subject,Course Number,Section,CRN,Course Title,Credit Hours,Campus,Schedule Type,Instructor,Attribute Type,Reserved Seats,Linked Sections,Unnamed: 12,Days,Start Time,End Time,Building,Room,Start Date,End Date,Total Enrolled,Open Enrolled,Total Waitlist,Open Waitlist
SPED,2100,001,10245,Exceptionality in Schools & Society,3.0,Main Campus or Dubois Campus,Lecture,Guofeng Shen (Primary),,,,,"Monday,Wednesday",10:45  AM,12:00  PM,McEniry,117,08/17/2026,12/10/2026,40,6,,
STAT,2122,003,11306,Intro to Prob & Stat,3.0,Main Campus or Dubois Campus,Lecture,Zhiyi Zhang (Primary),,,,,"Monday,Wednesday,Friday",01:25  PM,02:15  PM,McEniry,117,08/17/2026,12/10/2026,75,55,,
STAT,2122,004,11357,Intro to Prob & Stat,3.0,Main Campus or Dubois Campus,Lecture,,,,,,"Tuesday,Thursday",01:00  PM,02:15  PM,McEniry,117,08/17/2026,12/10/2026,75,24,,
STAT,3110,002,11644,Applied Regression,3.0,Main Campus or Dubois Campus,Lecture,Wenyu Gao (Primary),,,,,"Monday,Wednesday",04:00  PM,05:15  PM,McEniry,123,08/17/2026,12/10/2026,45,13,,
STAT,4115,001,16576,Statistical Machine Learning,3.0,Main Campus or Dubois Campus,Lecture,Hee Cheol Chung (Primary),,,,,"Tuesday,Thursday",11:30  AM,12:45  PM,McEniry,401,08/17/2026,12/10/2026,40,35,,
THEA,4001,001,17221,Topics in Theatre: Around the World in 80 Comics,3.0,Main Campus or Dubois Campus,Lecture,Rob Conkie (Primary),,,,,"Monday,Wednesday",04:00  PM,05:15  PM,McEniry,124,08/17/2026,12/10/2026,15,8,,
UCOL,1200,003,17749,First-Year Seminar,3.0,Main Campus or Dubois Campus,Lecture,Nicole Montgomery (Primary),,,,,"Monday,Wednesday,Friday",12:20  PM,01:10  PM,McEniry,116,08/17/2026,12/10/2026,35,35,,
WRDS,1103,008,11896,Writing and Inquiry in Academic Contexts I and II,3.0,Main Campus or Dubois Campus,Lecture,Suzanne Thomas (Primary),Student Data Mart - Gen Ed,,,,"Monday,Wednesday,Friday",09:05  AM,09:55  AM,McEniry,405,08/17/2026,12/10/2026,5,0,,
WRDS,1103,013,11903,Writing and Inquiry in Academic Contexts I and II,3.0,Main Campus or Dubois Campus,Lecture,Janyce Wardlaw (Primary),Student Data Mart - Gen Ed,,,,"Monday,Wednesday,Friday",11:15  AM,12:05  PM,McEniry,405,08/17/2026,12/10/2026,5,0,,
WRDS,1103,015,12662,Writing and Inquiry in Academic Contexts I and II,3.0,Main Campus or Dubois Campus,Lecture,Megan Keaton (Primary),Student Data Mart - Gen Ed,,,,"Tuesday,Thursday",01:00  PM,02:15  PM,McEniry,405,08/17/2026,12/10/2026,5,0,,
WRDS,1103,023,12663,Writing and Inquiry in Academic Contexts I and II,3.0,Main Campus or Dubois Campus,Lecture,Aaron Kashtan (Primary),Student Data Mart - Gen Ed,,,,"Monday,Wednesday,Friday",10:10  AM,11:00  AM,McEniry,405,08/17/2026,12/10/2026,5,0,,
WRDS,1103,026,12778,Writing and Inquiry in Academic Contexts I and II,3.0,Main Campus or Dubois Campus,Lecture,Kendyl Harmeling (Primary),Student Data Mart - Gen Ed,,,,"Tuesday,Thursday",08:30  AM,09:45  AM,McEniry,405,08/17/2026,12/10/2026,5,0,,
WRDS,1103,052,12787,Writing and Inquiry in Academic Contexts I and II,3.0,Main Campus or Dubois Campus,Lecture,Aaron Kashtan (Primary),Student Data Mart - Gen Ed,,,,"Tuesday,Thursday",11:30  AM,12:45  PM,McEniry,127,08/17/2026,12/10/2026,5,0,,
WRDS,1104,010,11930,Writing and Inquiry in Academic Contexts I and II with Studio,4.0,Main Campus or Dubois Campus,Lecture,Julie Cook (Primary),Student Data Mart - Gen Ed,,,,"Tuesday,Thursday",02:30  PM,03:45  PM,McEniry,405,08/17/2026,12/10/2026,5,0,,
WRDS,1104,011,11931,Writing and Inquiry in Academic Contexts I and II with Studio,4.0,Main Campus or Dubois Campus,Lecture,Julie Cook (Primary),Student Data Mart - Gen Ed,,,,"Tuesday,Thursday",04:00  PM,05:15  PM,McEniry,405,08/17/2026,12/10/2026,5,0,,
WRDS,1104,012,11932,Writing and Inquiry in Academic Contexts I and II with Studio,4.0,Main Campus or Dubois Campus,Lecture,Julie Cook (Primary),Student Data Mart - Gen Ed,,,,Thursday,05:30  PM,08:15  PM,McEniry,405,08/17/2026,12/10/2026,5,4,,
WRDS,1104,018,13161,Writing and Inquiry in Academic Contexts I and II with Studio,4.0,Main Campus or Dubois Campus,Lecture,Adam Sandlin (Primary),Student Data Mart - Gen Ed,,,,"Monday,Wednesday,Friday",12:20  PM,01:10  PM,McEniry,405,08/17/2026,12/10/2026,5,0,,
WRDS,1104,019,13171,Writing and Inquiry in Academic Contexts I and II with Studio,4.0,Main Campus or Dubois Campus,Lecture,Adam Sandlin (Primary),Student Data Mart - Gen Ed,,,,"Monday,Wednesday,Friday",01:25  PM,02:15  PM,McEniry,405,08/17/2026,12/10/2026,5,0,,
HLTH,3103,001,11195,Beh Change Theories & Practice,3.0,Main Campus or Dubois Campus,Lecture,Lorenzo Hopper (Primary),,,,,"Monday,Wednesday",04:00  PM,05:15  PM,McEniry,116,08/17/2026,12/10/2026,85,16,,
PPOL,8610,001,16071,The Urban Region,3.0,Main Campus or Dubois Campus,Lecture,Colleen Hammelman (Primary),,,,,Wednesday,02:30  PM,05:15  PM,McEniry,117,08/17/2026,12/10/2026,5,5,,
RELS,3260,001,13950,Buddhism in the Modern World,3.0,Main Campus or Dubois Campus,Lecture,Alexandra Kaloyanides (Primary),"Cultural Analysis - RELS

Historical Analysis - RELS",,,,"Tuesday,Thursday",11:30  AM,12:45  PM,McEniry,118,08/17/2026,12/10/2026,30,17,3.0,3.0
RUSS,3204,001,13749,Topics in Russian: Masterpieces of Russian Literature,3.0,Main Campus or Dubois Campus,Lecture,Yekaterina Skorodinskaya (Primary),,,,,"Tuesday,Thursday",02:30  PM,03:45  PM,McEniry,127,08/17/2026,12/10/2026,5,0,2.0,2.0
ITIS,3135,052,11577,Front-End Web Application Development,3.0,Main Campus or Dubois Campus,Lecture,D.I. von Briesen (Primary),,,,,Tuesday,04:00  PM,05:15  PM,McEniry,124,08/17/2026,12/10/2026,75,45,7.0,7.0
ITIS,3135,053,13827,Front-End Web Application Development,3.0,Main Campus or Dubois Campus,Lecture,D.I. von Briesen (Primary),,,,,Tuesday,05:30  PM,06:45  PM,McEniry,124,08/17/2026,12/10/2026,75,65,7.0,7.0
ITIS,3261,001,14303,Foundations of Cloud Computing,3.0,Main Campus or Dubois Campus,Lecture/Lab,Bei-Tseng Chu (Primary),,,,,Monday,04:00  PM,06:45  PM,McEniry,117,08/17/2026,12/10/2026,75,38,7.0,7.0
PHIL,3059,001,14969,Topics in Knowledge/Language: Metaphysics,3.0,Main Campus or Dubois Campus,Lecture,Tina Talsma (Primary),,,,,"Monday,Wednesday,Friday",01:25  PM,02:15  PM,McEniry,118,08/17/2026,12/10/2026,30,1,3.0,3.0
PHYS,4140,001,17497,Nuclear Physics,3.0,Main Campus or Dubois Campus,Lecture,,,,,,"Tuesday,Thursday",05:00  PM,06:15  PM,McEniry,118,08/17/2026,12/10/2026,20,10,,
POLS,1575,002,14388,Foundations of American Democracy,3.0,Main Campus or Dubois Campus,Lecture,Carlin Crisanti (Primary),"American Democracy

Local Social Science Theme",,,,"Monday,Wednesday",11:15  AM,12:05  PM,McEniry,124,08/17/2026,12/10/2026,153,105,,
PSYC,2341,003,14914,Psychopathology,3.0,Main Campus or Dubois Campus,Lecture,Lucille Joe-Harris (Primary),,,,,Tuesday,02:30  PM,03:45  PM,McEniry,117,08/17/2026,12/10/2026,50,0,5.0,4.0
PSYC,2341,004,15229,Psychopathology,3.0,Main Campus or Dubois Campus,Lecture,Kathleen Tillman (Primary),,,,,Thursday,02:30  PM,03:45  PM,McEniry,117,08/17/2026,12/10/2026,50,0,5.0,5.0
PSYC,2350,003,14871,Introduction to Social Psychology,3.0,Main Campus or Dubois Campus,Lecture,Lucille Joe-Harris (Primary),,,,,Tuesday,04:00  PM,05:15  PM,McEniry,117,08/17/2026,12/10/2026,50,1,,
PSYC,2390,002,14990,Life Beyond the Psychology Bachelor of Science,3.0,Main Campus or Dubois Campus,Lecture,Jordan Lyerly (Primary),,,,,Friday,10:10  AM,11:00  AM,McEniry,116,08/17/2026,12/10/2026,69,24,6.0,6.0
METR,1102,002,12570,Introduction to Meteorology,3.0,Main Campus or Dubois Campus,Lecture,Lauren Burns (Primary),Natural Science Requirement,,,,"Tuesday,Thursday",11:30  AM,12:45  PM,McEniry,124,08/17/2026,12/10/2026,180,124,10.0,10.0
METR,1102L,L01,12029,Introduction to Meteorology Lab,1.0,Main Campus or Dubois Campus,Lab,Terry Shirley (Primary),Natural Science Requirement,,,,Tuesday,02:30  PM,05:15  PM,McEniry,203,08/17/2026,12/10/2026,23,5,2.0,2.0
METR,1102L,L02,12030,Introduction to Meteorology Lab,1.0,Main Campus or Dubois Campus,Lab,Terry Shirley (Primary),Natural Science Requirement,,,,Monday,02:30  PM,05:15  PM,McEniry,203,08/17/2026,12/10/2026,23,2,2.0,2.0
METR,1102L,L03,12031,Introduction to Meteorology Lab,1.0,Main Campus or Dubois Campus,Lab,Terry Shirley (Primary),Natural Science Requirement,,,,Thursday,02:30  PM,05:15  PM,McEniry,203,08/17/2026,12/10/2026,23,15,2.0,2.0
METR,1600,001,13800,First-Year Meteorology Seminar,1.0,Main Campus or Dubois Campus,Seminar,Casey Davenport (Primary),,,,,Wednesday,10:10  AM,11:00  AM,McEniry,123,08/17/2026,12/10/2026,40,28,2.0,2.0
METR,3140,001,10411,Fundamentals of Meteorology,3.0,Main Campus or Dubois Campus,Lecture,Terry Shirley (Primary),,,,,"Monday,Wednesday,Friday",12:20  PM,01:10  PM,McEniry,123,08/17/2026,12/10/2026,45,16,5.0,5.0
METR,4110,001,11214,Atmospheric Instrumentation,3.0,Main Campus or Dubois Campus,Lecture,Matthew Eastin (Primary),,,,,"Monday,Wednesday,Friday",11:15  AM,12:05  PM,McEniry,203,08/17/2026,12/10/2026,15,0,3.0,2.0
METR,4245,001,10415,Adv Synoptic Meteorology,3.0,Main Campus or Dubois Campus,Lecture,Matthew Eastin (Primary),,,,,"Monday,Wednesday",02:30  PM,03:45  PM,McEniry,401,08/17/2026,12/10/2026,25,11,2.0,2.0
METR,4250,001,11356,Adv Dynamic Meteorology,3.0,Main Campus or Dubois Campus,Lecture,Casey Davenport (Primary),,,,,"Tuesday,Thursday",11:30  AM,12:45  PM,McEniry,405,08/17/2026,12/10/2026,20,7,2.0,2.0
METR,4320,001,10960,Tropical Meteorology,3.0,Main Campus or Dubois Campus,Lecture,Matthew Eastin (Primary),,,,,"Monday,Wednesday",04:00  PM,05:15  PM,McEniry,401,08/17/2026,12/10/2026,15,5,,
NUNP,6250,090,10181,Advanced Primary Care and Health Promotion of Adults Across the Lifespan,3.0,Main Campus or Dubois Campus,Lecture,Cory Sheeler (Primary),,,,,Monday,05:30  PM,08:00  PM,McEniry,127,08/17/2026,12/10/2026,40,0,,
MATH,1241,001,10779,Calculus I,3.0,Main Campus or Dubois Campus,Lecture,Robert Bland (Primary),"Math - Logic Requirement

Student Data Mart - Gen Ed",,,,"Monday,Wednesday,Friday",08:00  AM,08:50  AM,McEniry,116,08/17/2026,12/10/2026,84,50,,
MATH,1241,002,10484,Calculus I,3.0,Main Campus or Dubois Campus,Lecture,Caylah Crosby (Primary),"Math - Logic Requirement

Student Data Mart - Gen Ed",,,,"Tuesday,Thursday",08:30  AM,09:45  AM,McEniry,116,08/17/2026,12/10/2026,84,47,,
MATH,1241,005,10485,Calculus I,3.0,Main Campus or Dubois Campus,Lecture,Caylah Crosby (Primary),"Math - Logic Requirement

Student Data Mart - Gen Ed",,,,"Monday,Wednesday,Friday",11:15  AM,12:05  PM,McEniry,116,08/17/2026,12/10/2026,59,7,,
MATH,1241,009,13731,Calculus I,3.0,Main Campus or Dubois Campus,Lecture,Ree Linker (Primary),"Math - Logic Requirement

Student Data Mart - Gen Ed",,,,"Monday,Wednesday,Friday",12:20  PM,01:10  PM,McEniry,117,08/17/2026,12/10/2026,59,26,,
MATH,1241,012,13734,Calculus I,3.0,Main Campus or Dubois Campus,Lecture,Scott Wilde (Primary),"Math - Logic Requirement

Student Data Mart - Gen Ed",,,,"Tuesday,Thursday",10:00  AM,11:15  AM,McEniry,116,08/17/2026,12/10/2026,59,51,,
ETME,2100,001,11645,Sophomore Design Practicum,2.0,Main Campus or Dubois Campus,Practicum,Christopher Green (Primary),,,,,"Monday,Wednesday",04:00  PM,05:15  PM,McEniry,127,08/17/2026,12/10/2026,48,17,5.0,5.0
INES,8090,G02,14191,Top Infrastruct & Environ Syst,3.0,Main Campus or Dubois Campus,Lecture,Craig Allan (Primary),,,,,Wednesday,05:30  PM,08:15  PM,McEniry,201,08/17/2026,12/10/2026,5,3,,
INES,8130,001,15808,Teaching and Learning in the Geosciences,3.0,Main Campus or Dubois Campus,Lecture,Casey Davenport (Primary),,,,,"Tuesday,Thursday",10:00  AM,11:15  AM,McEniry,203,08/17/2026,12/10/2026,5,2,,
MKTG,3224,001,17206,Product and Brand Management,3.0,Main Campus or Dubois Campus,Lecture,,,,,,"Tuesday,Thursday",10:00  AM,11:15  AM,McEniry,401,08/17/2026,12/10/2026,40,0,4.0,3.0
MKTG,3226,001,10947,Business-to-Business Marketing and Retailing,3.0,Main Campus or Dubois Campus,Lecture,Cindy Fox (Primary),,,,,"Tuesday,Thursday",01:00  PM,02:15  PM,McEniry,123,08/17/2026,12/10/2026,40,0,4.0,4.0
EXER,2333,001,12450,Baseball Through History and Playing I (1800s-1947),3.0,Main Campus or Dubois Campus,Lecture,Jeff Barto (Primary),,,,,"Tuesday,Thursday",10:00  AM,11:15  AM,McEniry,127,08/17/2026,12/10/2026,48,0,,
FILM,3050,003,14394,Topics in Film Theory/History: Chinese Film,3.0,Main Campus or Dubois Campus,Lecture,Amanda Zhou (Primary),,,,,"Monday,Wednesday",02:30  PM,03:45  PM,McEniry,123,08/17/2026,12/10/2026,24,0,1.0,1.0
FILM,3051,003,15043,Topics in Film Production: Camp Aesthetic and Sensibility in Film,3.0,Main Campus or Dubois Campus,Lecture,Justin Evans (Primary),,,,,Wednesday,02:30  PM,05:15  PM,McEniry,118,08/17/2026,12/10/2026,30,22,3.0,3.0
GEOG,1103,001,11100,Spatial Thinking,4.0,Main Campus or Dubois Campus,Lecture,Christoffel Anthonissen (Primary),Student Data Mart - Gen Ed,,,,"Tuesday,Thursday",08:30  AM,09:45  AM,McEniry,117,08/17/2026,12/10/2026ThursdaySMTWTFS02:30  PM - 05:15  PM Type: Class Building: McEniry Room: 431 Start Date: 08/17/2026 End Date: 12/10/2026,20,7,,
GEOG,1103,002,11101,Spatial Thinking,4.0,Main Campus or Dubois Campus,Lecture,Christoffel Anthonissen (Primary),Student Data Mart - Gen Ed,,,,"Tuesday,Thursday",08:30  AM,09:45  AM,McEniry,117,08/17/2026,12/10/2026ThursdaySMTWTFS05:30  PM - 08:15  PM Type: Class Building: McEniry Room: 431 Start Date: 08/17/2026 End Date: 12/10/2026,20,10,,
GEOG,1103,003,12007,Spatial Thinking,4.0,Main Campus or Dubois Campus,Lecture,Christoffel Anthonissen (Primary),Student Data Mart - Gen Ed,,,,Friday,08:00  AM,11:00  AM,McEniry,431,08/17/2026,"12/10/2026Tuesday,ThursdaySMTWTFS08:30  AM - 09:45  AM Type: Class Building: McEniry Room: 117 Start Date: 08/17/2026 End Date: 12/10/2026",20,10,,
GEOG,1501,001,12996,Global Social Science: World Geography,3.0,Main Campus or Dubois Campus,Lecture,Michael Ewers (Primary),Student Data Mart - Gen Ed,,,,"Tuesday,Thursday",02:30  PM,03:45  PM,McEniry,116,08/17/2026,12/10/2026,80,1,2.0,2.0
GEOG,1511,001,12998,Local Social Science: Urban and Regional Planning,3.0,Main Campus or Dubois Campus,Lecture,Michelle Zuniga (Primary),Student Data Mart - Gen Ed,,,,"Tuesday,Thursday",10:00  AM,11:15  AM,McEniry,117,08/17/2026,12/10/2026,80,40,2.0,2.0
GEOG,2105,001,11511,Intro to Economic Geography,3.0,Main Campus or Dubois Campus,Lecture,Bill Graves (Primary),,,,,"Tuesday,Thursday",02:30  PM,03:45  PM,McEniry,118,08/17/2026,12/10/2026,30,16,5.0,5.0
GEOG,2110,001,10351,Intro to Geographic Research,3.0,Main Campus or Dubois Campus,Lecture,Jamie Strickland (Primary),,,,,"Monday,Wednesday,Friday",12:20  PM,01:10  PM,McEniry,118,08/17/2026,12/10/2026,30,10,3.0,3.0
GEOG,2111,001,15710,Social inequality,3.0,Main Campus or Dubois Campus,Lecture,Tamara Johnson (Primary),Service Learning,,,,Monday,02:30  PM,05:15  PM,McEniry,118,08/17/2026,12/10/2026,25,25,2.0,2.0
GEOG,3000,004,17658,Topics in Regional Geography: Extinction in Space and Time,3.0,Main Campus or Dubois Campus,Lecture,Bill Garcia (Primary),,,,,"Tuesday,Thursday",04:00  PM,05:15  PM,McEniry,401,08/17/2026,12/10/2026,18,16,,
GEOG,3120,001,11102,Fndmntls Geographic Info Systm,4.0,Main Campus or Dubois Campus,Lecture,Jordan Blekking (Primary),,,,,"Tuesday,Thursday",01:00  PM,02:15  PM,McEniry,420,08/17/2026,12/10/2026WednesdaySMTWTFS02:30  PM - 05:15  PM Type: Class Building: McEniry Room: 420 Start Date: 08/17/2026 End Date: 12/10/2026,30,0,3.0,3.0
GEOG,3250,001,12024,World Food Problems,3.0,Main Campus or Dubois Campus,Lecture,Jamie Strickland (Primary),,,,,"Monday,Wednesday,Friday",10:10  AM,11:00  AM,McEniry,127,08/17/2026,12/10/2026,35,19,5.0,5.0
GEOG,4000,002,15805,Topics in Geography: Environmental Policy Analysis,3.0,Main Campus or Dubois Campus,Lecture,Isabelle Nilsson (Primary),,,,,"Tuesday,Thursday",11:30  AM,12:45  PM,McEniry,117,08/17/2026,12/10/2026,0,0,,
GEOG,4000,004,17723,Topics in Geography: Water Management and Policy in the U.S.,3.0,Main Campus or Dubois Campus,Lecture,Alexandra Turgul (Primary),,,,,"Tuesday,Thursday",01:00  PM,02:15  PM,McEniry,201,08/17/2026,12/10/2026,15,12,,
GEOG,4180,001,11103,Web GIS,3.0,Main Campus or Dubois Campus,Lecture,Wenwu Tang (Primary),,,,,"Tuesday,Thursday",01:00  PM,02:15  PM,McEniry,431,08/17/2026,12/10/2026,20,15,2.0,2.0
GEOG,5000,002,17724,Topics in Geography: Water Management and Policy in the U.S.,3.0,Main Campus or Dubois Campus,Lecture,Alexandra Turgul (Primary),,,,,"Tuesday,Thursday",01:00  PM,02:15  PM,McEniry,201,08/17/2026,12/10/2026,5,3,,
GEOG,5180,001,12012,Web GIS,3.0,Main Campus or Dubois Campus,Lecture,Wenwu Tang (Primary),,,,,"Tuesday,Thursday",01:00  PM,02:15  PM,McEniry,431,08/17/2026,12/10/2026,10,9,3.0,3.0
GEOG,6005,002,14189,Topics in Earth and Environmental Systems: Climate Science,3.0,Main Campus or Dubois Campus,Lecture,Ian Chang (Primary),,,,,"Tuesday,Thursday",01:00  PM,02:15  PM,McEniry,116,08/17/2026,12/10/2026,10,0,,
GEOG,6125,001,12081,Geographic Information Science and Technology,4.0,Main Campus or Dubois Campus,Lecture/Lab,Yao Li (Primary),,,,,"Tuesday,Thursday",10:00  AM,11:15  AM,McEniry,431,08/17/2026,12/10/2026TuesdaySMTWTFS02:30  PM - 05:15  PM Type: Class Building: McEniry Room: 431 Start Date: 08/17/2026 End Date: 12/10/2026,10,0,,
GEOG,6130,001,15581,Teaching and Learning in the Geosciences,3.0,Main Campus or Dubois Campus,Lecture,Casey Davenport (Primary),,,,,"Tuesday,Thursday",10:00  AM,11:15  AM,McEniry,203,08/17/2026,12/10/2026,5,2,,
GEOG,6210,001,15579,The Restructuring City,3.0,Main Campus or Dubois Campus,Lecture,Colleen Hammelman (Primary),,,,,Wednesday,02:30  PM,05:15  PM,McEniry,117,08/17/2026,12/10/2026,10,0,1.0,1.0
GEOG,8005,001,14051,Topics in Earth and Environmental Systems: Climate Science,3.0,Main Campus or Dubois Campus,Lecture,Ian Chang (Primary),,,,,"Tuesday,Thursday",01:00  PM,02:15  PM,McEniry,116,08/17/2026,12/10/2026,3,3,,
GEOG,8125,001,11571,Geographic Information Science and Technology,4.0,Main Campus or Dubois Campus,Lecture,Yao Li (Primary),,,,,"Tuesday,Thursday",10:00  AM,11:15  AM,McEniry,431,08/17/2026,12/10/2026TuesdaySMTWTFS02:30  PM - 05:15  PM Type: Class Building: McEniry Room: 431 Start Date: 08/17/2026 End Date: 12/10/2026,10,7,,
GEOG,8130,001,15582,Teaching and Learning in the Geosciences,3.0,Main Campus or Dubois Campus,Lecture,Casey Davenport (Primary),,,,,"Tuesday,Thursday",10:00  AM,11:15  AM,McEniry,203,08/17/2026,12/10/2026,5,2,,
GEOG,8210,001,15580,The Restructuring City,3.0,Main Campus or Dubois Campus,Lecture,Colleen Hammelman (Primary),,,,,Wednesday,02:30  PM,05:15  PM,McEniry,117,08/17/2026,12/10/2026,10,7,1.0,1.0
GEOG,8224,001,15807,Biogeochemical Cycles,3.0,Main Campus or Dubois Campus,Lecture,Craig Allan (Primary),,,,,Wednesday,05:30  PM,08:15  PM,McEniry,201,08/17/2026,12/10/2026,5,5,,
GEOG,8632,001,11603,Ph.D. Professional Development Seminar in Geography,1.0,Main Campus or Dubois Campus,Seminar,Colleen Hammelman (Primary),,,,,Wednesday,10:10  AM,11:00  AM,McEniry,118,08/17/2026,12/10/2026,15,7,2.0,2.0
GEOL,1200,001,10399,Physical Geology (no lab),3.0,Main Campus or Dubois Campus,Lecture,Amanda Stone (Primary),Student Data Mart - Gen Ed,,,,"Tuesday,Thursday",10:00  AM,11:15  AM,McEniry,125,08/17/2026,12/10/2026,180,153,10.0,10.0
GEOL,1200,003,10398,Physical Geology (no lab),3.0,Main Campus or Dubois Campus,Lecture,Christoffel Anthonissen (Primary),Student Data Mart - Gen Ed,,,,"Monday,Wednesday",02:30  PM,03:45  PM,McEniry,124,08/17/2026,12/10/2026,100,76,10.0,10.0
GEOL,1200L,L01,10473,Physical Geology Lab,1.0,Main Campus or Dubois Campus,Lab,Bill Garcia (Primary),Student Data Mart - Gen Ed,,,,Monday,08:00  AM,10:45  AM,McEniry,106,08/17/2026,12/10/2026,20,17,2.0,2.0
GEOL,1200L,L02,10474,Physical Geology Lab,1.0,Main Campus or Dubois Campus,Lab,Bill Garcia (Primary),Student Data Mart - Gen Ed,,,,Monday,11:15  AM,02:00  PM,McEniry,106,08/17/2026,12/10/2026,20,8,2.0,2.0
GEOL,1200L,L03,10475,Physical Geology Lab,1.0,Main Campus or Dubois Campus,Lab,Bill Garcia (Primary),Student Data Mart - Gen Ed,,,,Monday,02:30  PM,05:15  PM,McEniry,106,08/17/2026,12/10/2026,20,10,2.0,2.0
GEOL,1200L,L05,10476,Physical Geology Lab,1.0,Main Campus or Dubois Campus,Lab,Bill Garcia (Primary),Student Data Mart - Gen Ed,,,,Tuesday,02:30  PM,05:15  PM,McEniry,106,08/17/2026,12/10/2026,20,5,2.0,2.0
GEOL,1200L,L06,10477,Physical Geology Lab,1.0,Main Campus or Dubois Campus,Lab,Bill Garcia (Primary),Student Data Mart - Gen Ed,,,,Wednesday,08:00  AM,10:45  AM,McEniry,106,08/17/2026,12/10/2026,20,17,2.0,2.0
GEOL,1200L,L08,11512,Physical Geology Lab,1.0,Main Campus or Dubois Campus,Lab,Bill Garcia (Primary),Student Data Mart - Gen Ed,,,,Wednesday,11:15  AM,02:00  PM,McEniry,106,08/17/2026,12/10/2026,20,1,2.0,2.0
GEOL,1200L,L09,10479,Physical Geology Lab,1.0,Main Campus or Dubois Campus,Lab,Bill Garcia (Primary),Student Data Mart - Gen Ed,,,,Wednesday,02:30  PM,05:15  PM,McEniry,106,08/17/2026,12/10/2026,20,5,2.0,2.0
GEOL,1200L,L11,10482,Physical Geology Lab,1.0,Main Campus or Dubois Campus,Lab,Bill Garcia (Primary),Student Data Mart - Gen Ed,,,,Thursday,02:30  PM,05:15  PM,McEniry,106,08/17/2026,12/10/2026,20,12,2.0,2.0
GEOL,1200L,L90,17399,Physical Geology Lab,1.0,Main Campus or Dubois Campus,Lab,Bill Garcia (Primary),Student Data Mart - Gen Ed,,,,Tuesday,05:30  PM,08:15  PM,McEniry,106,08/17/2026,12/10/2026,20,18,,
GEOL,3105,001,15577,The Earth's Mineral Resources: Sustainability and the Environmental Impacts of Recovery,3.0,Main Campus or Dubois Campus,Lecture,Amanda Stone (Primary),,,,,"Monday,Wednesday,Friday",12:20  PM,01:10  PM,McEniry,401,08/17/2026,12/10/2026,40,0,2.0,2.0
GEOL,3115,001,11513,Mineralogy,4.0,Main Campus or Dubois Campus,Lecture,Valerie Reynolds (Primary),,,,,"Tuesday,Thursday",10:00  AM,11:15  AM,McEniry,303,08/17/2026,12/10/2026TuesdaySMTWTFS02:30  PM - 05:15  PM Type: Class Building: McEniry Room: 303 Start Date: 08/17/2026 End Date: 12/10/2026,18,7,4.0,4.0
GEOL,3130,001,10401,Structural Geology,4.0,Main Campus or Dubois Campus,Lecture,Andy Bobyarchick (Primary),,,,,"Tuesday,Thursday",01:00  PM,02:15  PM,McEniry,301,08/17/2026,12/10/2026TuesdaySMTWTFS02:30  PM - 05:15  PM Type: Class Building: McEniry Room: 301 Start Date: 08/17/2026 End Date: 12/10/2026,20,11,2.0,2.0
GEOL,3190,001,15578,Environmental Geology,3.0,Main Campus or Dubois Campus,Lecture,Amanda Stone (Primary),,,,,"Tuesday,Thursday",01:00  PM,02:15  PM,McEniry,401,08/17/2026,12/10/2026,40,18,2.0,2.0
GEOL,4135,001,13995,Tectonics,4.0,Main Campus or Dubois Campus,Lecture,Lin Li (Primary),,,,,"Monday,Wednesday",10:00  AM,11:15  AM,McEniry,401,08/17/2026,12/10/2026FridaySMTWTFS02:30  PM - 05:15  PM Type: Class Building: McEniry Room: 127 Start Date: 08/17/2026 End Date: 12/10/2026,16,7,,
GEOL,5135,001,13996,Tectonics,4.0,Main Campus or Dubois Campus,Lecture,Lin Li (Primary),,,,,"Monday,Wednesday",10:00  AM,11:15  AM,McEniry,401,08/17/2026,12/10/2026FridaySMTWTFS02:30  PM - 05:15  PM Type: Class Building: McEniry Room: 127 Start Date: 08/17/2026 End Date: 12/10/2026,4,4,,
GRAD,6100,001,14144,Basic Statistics & Probability,3.0,Main Campus or Dubois Campus,Lecture,Yang Cao (Primary),,,,,"Tuesday,Thursday",10:00  AM,11:15  AM,McEniry,405,08/17/2026,12/10/2026,15,8,,
GRAD,8101,010,16892,Linear Regression,3.0,Main Campus or Dubois Campus,Lecture,Samuel Grubbs (Primary),,,,,Monday,04:00  PM,06:45  PM,McEniry,405,08/17/2026,12/10/2026,15,11,,
HAHS,1511,644,13146,Local Social Science: Issues of Health and Quality of Life,3.0,Main Campus or Dubois Campus,Lecture,Trudy Moore-Harrison (Primary),Student Data Mart - Gen Ed,,,,"Tuesday,Thursday",10:00  AM,11:15  AM,McEniry,124,08/17/2026,12/10/2026,190,166,20.0,20.0
HAHS,1511,657,13145,Local Social Science: Issues of Health and Quality of Life,3.0,Main Campus or Dubois Campus,Lecture,Pilar Zuber (Primary),Student Data Mart - Gen Ed,,,,"Tuesday,Thursday",08:30  AM,09:45  AM,McEniry,124,08/17/2026,12/10/2026,190,180,50.0,50.0
ENGL,2082,003,17398,"Topics in Film, Performance, and Print & Digital Culture: Around the World in 80 Comics",3.0,Main Campus or Dubois Campus,Lecture,Rob Conkie (Primary),,,,,"Monday,Wednesday",04:00  PM,05:15  PM,McEniry,124,08/17/2026,12/10/2026,85,79,,
ENGL,3081,002,15693,"Topics in Author, Pop Culture, and Genre Studies: Masterpieces of Russian Lit",3.0,Main Campus or Dubois Campus,Lecture,Yekaterina Skorodinskaya (Primary),,,,,"Tuesday,Thursday",02:30  PM,03:45  PM,McEniry,127,08/17/2026,12/10/2026,19,18,,
CJUS,1511,002,12761,Local Social Science: Foundations of Criminal Justice,3.0,Main Campus or Dubois Campus,Lecture,Jesse Mckee (Primary),Student Data Mart - Gen Ed,,,,"Monday,Wednesday,Friday",10:10  AM,11:00  AM,McEniry,125,08/17/2026,12/10/2026,175,129,16.0,16.0
ESCI,1101,001,10346,Earth Science - Geog,3.0,Main Campus or Dubois Campus,Lecture,Amanda Stone (Primary),Student Data Mart - Gen Ed,,,,"Monday,Wednesday,Friday",09:05  AM,09:55  AM,McEniry,125,08/17/2026,12/10/2026,180,139,10.0,10.0
ESCI,1101,003,10345,Earth Science - Geog,3.0,Main Campus or Dubois Campus,Lecture,Jake Armour (Primary),Student Data Mart - Gen Ed,,,,"Tuesday,Thursday",02:30  PM,03:45  PM,McEniry,125,08/17/2026,12/10/2026,180,121,10.0,10.0
ESCI,1101,004,11209,Earth Science - Geog,3.0,Main Campus or Dubois Campus,Lecture,Alexandra Turgul (Primary),Student Data Mart - Gen Ed,,,,"Monday,Wednesday,Friday",12:20  PM,01:10  PM,McEniry,125,08/17/2026,12/10/2026,180,138,10.0,10.0
ESCI,1101L,013,10469,Earth Science - Geography Lab,1.0,Main Campus or Dubois Campus,Lab,David Vinson (Primary),,,,,Friday,08:00  AM,10:45  AM,McEniry,110,08/17/2026,12/10/2026,25,19,2.0,2.0
ESCI,1101L,L01,10453,Earth Science - Geography Lab,1.0,Main Campus or Dubois Campus,Lab,David Vinson (Primary),,,,,Monday,08:00  AM,10:45  AM,McEniry,110,08/17/2026,12/10/2026,25,18,2.0,2.0
ESCI,1101L,L02,10454,Earth Science - Geography Lab,1.0,Main Campus or Dubois Campus,Lab,David Vinson (Primary),,,,,Monday,11:15  AM,02:00  PM,McEniry,110,08/17/2026,12/10/2026,25,1,2.0,2.0
ESCI,1101L,L03,10455,Earth Science - Geography Lab,1.0,Main Campus or Dubois Campus,Lab,David Vinson (Primary),,,,,Monday,02:30  PM,05:15  PM,McEniry,110,08/17/2026,12/10/2026,25,6,2.0,2.0
ESCI,1101L,L04,10456,Earth Science - Geography Lab,1.0,Main Campus or Dubois Campus,Lab,David Vinson (Primary),,,,,Tuesday,11:30  AM,02:15  PM,McEniry,110,08/17/2026,12/10/2026,26,4,2.0,2.0
ESCI,1101L,L05,10457,Earth Science - Geography Lab,1.0,Main Campus or Dubois Campus,Lab,David Vinson (Primary),,,,,Tuesday,08:30  AM,11:15  AM,McEniry,110,08/17/2026,12/10/2026,25,20,2.0,2.0
ESCI,1101L,L06,10458,Earth Science - Geography Lab,1.0,Main Campus or Dubois Campus,Lab,David Vinson (Primary),,,,,Tuesday,02:30  PM,05:15  PM,McEniry,110,08/17/2026,12/10/2026,25,13,2.0,2.0
ESCI,1101L,L07,10459,Earth Science - Geography Lab,1.0,Main Campus or Dubois Campus,Lab,David Vinson (Primary),,,,,Wednesday,08:00  AM,10:45  AM,McEniry,110,08/17/2026,12/10/2026,25,18,2.0,2.0
ESCI,1101L,L08,10460,Earth Science - Geography Lab,1.0,Main Campus or Dubois Campus,Lab,David Vinson (Primary),,,,,Wednesday,11:15  AM,02:00  PM,McEniry,110,08/17/2026,12/10/2026,25,9,5.0,5.0
ESCI,1101L,L09,10461,Earth Science - Geography Lab,1.0,Main Campus or Dubois Campus,Lab,David Vinson (Primary),,,,,Wednesday,02:30  PM,05:15  PM,McEniry,110,08/17/2026,12/10/2026,25,15,2.0,2.0
ESCI,1101L,L10,10462,Earth Science - Geography Lab,1.0,Main Campus or Dubois Campus,Lab,David Vinson (Primary),,,,,Thursday,08:30  AM,11:15  AM,McEniry,110,08/17/2026,12/10/2026,25,24,2.0,2.0
ESCI,1101L,L11,10463,Earth Science - Geography Lab,1.0,Main Campus or Dubois Campus,Lab,David Vinson (Primary),,,,,Thursday,11:30  AM,02:15  PM,McEniry,110,08/17/2026,12/10/2026,25,22,2.0,2.0
ESCI,1101L,L12,10464,Earth Science - Geography Lab,1.0,Main Campus or Dubois Campus,Lab,David Vinson (Primary),,,,,Thursday,02:30  PM,05:15  PM,McEniry,110,08/17/2026,12/10/2026,25,21,2.0,2.0
ESCI,1101L,L17,12579,Earth Science - Geography Lab,1.0,Main Campus or Dubois Campus,Lab,David Vinson (Primary),,,,,Friday,11:15  AM,02:00  PM,McEniry,110,08/17/2026,12/10/2026,25,19,2.0,2.0
ESCI,1101L,L90,10466,Earth Science - Geography Lab,1.0,Main Campus or Dubois Campus,Lab,David Vinson (Primary),,,,,Monday,05:30  PM,08:15  PM,McEniry,110,08/17/2026,12/10/2026,25,23,2.0,2.0
ESCI,1101L,L91,10467,Earth Science - Geography Lab,1.0,Main Campus or Dubois Campus,Lab,David Vinson (Primary),,,,,Tuesday,05:30  PM,08:15  PM,McEniry,110,08/17/2026,12/10/2026,25,23,2.0,2.0
ESCI,1101L,L92,10468,Earth Science - Geography Lab,1.0,Main Campus or Dubois Campus,Lab,David Vinson (Primary),,,,,Wednesday,05:30  PM,08:15  PM,McEniry,110,08/17/2026,12/10/2026,25,23,2.0,2.0
ESCI,1501,002,13969,"Global Social Science: Environment, Society, and Sustainability",3.0,Main Campus or Dubois Campus,Lecture,Alexandra Turgul (Primary),Student Data Mart - Gen Ed,,,,"Monday,Wednesday",02:30  PM,03:45  PM,McEniry,116,08/17/2026,12/10/2026,80,53,5.0,5.0
ESCI,2210,001,11040,Field Meth in Earth & Env Sci,3.0,Main Campus or Dubois Campus,Lecture,Jake Armour (Primary),,,,,Friday,10:10  AM,12:55  PM,McEniry,201,08/17/2026,12/10/2026,20,0,2.0,1.0
ESCI,2210,002,13197,Field Meth in Earth & Env Sci,3.0,Main Campus or Dubois Campus,Lecture,Sara Gagne (Primary),,,,,Tuesday,08:30  AM,11:15  AM,McEniry,201,08/17/2026,12/10/2026,20,2,2.0,2.0
ESCI,3000,001,17657,Topics in Earth Sciences: Extinction in Space and Time,3.0,Main Campus or Dubois Campus,Lecture,Bill Garcia (Primary),,,,,"Tuesday,Thursday",04:00  PM,05:15  PM,McEniry,401,08/17/2026,12/10/2026,18,11,,
ESCI,3101,001,11210,Global Environmental Change,3.0,Main Campus or Dubois Campus,Lecture,Jack Scheff (Primary),,,,,"Monday,Wednesday",02:30  PM,03:45  PM,McEniry,127,08/17/2026,12/10/2026,48,15,4.0,4.0
ESCI,3105,001,12497,Oceanography,3.0,Main Campus or Dubois Campus,Lecture,Drew Syverson (Primary),,,,,"Tuesday,Thursday",02:30  PM,03:45  PM,McEniry,123,08/17/2026,12/10/2026,45,0,3.0,2.0
ESCI,3190,001,11354,Biogeography,3.0,Main Campus or Dubois Campus,Lecture,Bill Garcia (Primary),,,,,"Tuesday,Thursday",11:30  AM,12:45  PM,McEniry,123,08/17/2026,12/10/2026,45,13,4.0,4.0
ESCI,3220,001,13016,Air Quality,3.0,Main Campus or Dubois Campus,Lecture,Brian Magi (Primary),,,,,"Tuesday,Thursday",01:00  PM,02:15  PM,McEniry,118,08/17/2026,12/10/2026,30,0,3.0,3.0
ESCI,4000,001,15617,Topics in Earth Sciences: Freshwater Ecosystems,4.0,Main Campus or Dubois Campus,Lecture,Sandra Clinton (Primary),,,,,"Monday,Wednesday,Friday",01:25  PM,02:15  PM,McEniry,105,08/17/2026,12/10/2026MondaySMTWTFS02:30  PM - 05:15  PM Type: Class Building: McEniry Room: 105 Start Date: 08/17/2026 End Date: 12/10/2026,12,10,2.0,2.0
ESCI,4170,001,12790,Fundamentals of Remote Sensing,4.0,Main Campus or Dubois Campus,Lecture,Gang Chen (Primary),,,,,Friday,08:00  AM,11:00  AM,McEniry,420,08/17/2026,"12/10/2026Tuesday,ThursdaySMTWTFS10:00  AM - 11:15  AM Type: Class Building: McEniry Room: 420 Start Date: 08/17/2026 End Date: 12/10/2026",20,12,2.0,2.0
ESCI,4201,001,12792,Hydroclimatology,3.0,Main Campus or Dubois Campus,Lecture,Jack Scheff (Primary),,,,,"Monday,Wednesday",01:00  PM,02:15  PM,McEniry,127,08/17/2026,12/10/2026,19,0,1.0,1.0
ESCI,4210,001,15615,Soil Science,4.0,Main Campus or Dubois Campus,Lecture,Missy Eppes (Primary),,,,,Wednesday,11:15  AM,02:15  PM,McEniry,215,08/17/2026,"12/10/2026Monday,WednesdaySMTWTFS02:30  PM - 03:45  PM Type: Class Building: McEniry Room: 215 Start Date: 08/17/2026 End Date: 12/10/2026",18,0,2.0,0.0
ESCI,4222,001,15589,Watershed Science,3.0,Main Campus or Dubois Campus,Lecture,Craig Allan (Primary),,,,,Monday,05:30  PM,08:15  PM,McEniry,116,08/17/2026,12/10/2026,30,9,,
ESCI,5000,002,15618,Topics in Earth Sciences: Freshwater Ecosystems,4.0,Main Campus or Dubois Campus,Lecture,Sandra Clinton (Primary),,,,,"Monday,Wednesday,Friday",01:25  PM,02:15  PM,McEniry,105,08/17/2026,12/10/2026MondaySMTWTFS02:30  PM - 05:15  PM Type: Class Building: McEniry Room: 105 Start Date: 08/17/2026 End Date: 12/10/2026,4,1,,
ESCI,5110,001,15591,Atmospheric Instrumentation,3.0,Main Campus or Dubois Campus,Lecture,Matthew Eastin (Primary),,,,,"Monday,Wednesday,Friday",11:15  AM,12:05  PM,McEniry,203,08/17/2026,12/10/2026,4,3,,
ESCI,5170,001,12791,Fundamentals of Remote Sensing,4.0,Main Campus or Dubois Campus,Lecture,Gang Chen (Primary),,,,,Friday,08:00  AM,11:00  AM,McEniry,420,08/17/2026,"12/10/2026Tuesday,ThursdaySMTWTFS10:00  AM - 11:15  AM Type: Class Building: McEniry Room: 420 Start Date: 08/17/2026 End Date: 12/10/2026",5,3,,
ESCI,5201,001,12793,Hydroclimatology,3.0,Main Campus or Dubois Campus,Lecture,Jack Scheff (Primary),,,,,"Monday,Wednesday",01:00  PM,02:15  PM,McEniry,127,08/17/2026,12/10/2026,4,1,,
ESCI,5210,001,15616,Soil Science,4.0,Main Campus or Dubois Campus,Lecture,Missy Eppes (Primary),,,,,Wednesday,11:15  AM,02:15  PM,McEniry,215,08/17/2026,"12/10/2026Monday,WednesdaySMTWTFS02:30  PM - 03:45  PM Type: Class Building: McEniry Room: 215 Start Date: 08/17/2026 End Date: 12/10/2026",4,2,,
ESCI,5222,001,15590,Watershed Science,3.0,Main Campus or Dubois Campus,Lecture,Craig Allan (Primary),,,,,Monday,05:30  PM,08:15  PM,McEniry,116,08/17/2026,12/10/2026,10,10,,
ESCI,5250,001,15592,Adv Dynamic Meteorology,3.0,Main Campus or Dubois Campus,Lecture,Casey Davenport (Primary),,,,,"Tuesday,Thursday",11:30  AM,12:45  PM,McEniry,405,08/17/2026,12/10/2026,3,3,,
ESCI,5251,001,14020,Adv Synoptic Meteorology,3.0,Main Campus or Dubois Campus,Lecture,Matthew Eastin (Primary),,,,,"Monday,Wednesday",02:30  PM,03:45  PM,McEniry,401,08/17/2026,12/10/2026,5,5,,
ESCI,5320,001,14021,Tropical Meteorology,3.0,Main Campus or Dubois Campus,Lecture,Matthew Eastin (Primary),,,,,"Monday,Wednesday",04:00  PM,05:15  PM,McEniry,401,08/17/2026,12/10/2026,5,5,,
ESCI,6000,001,14047,Topics in Earth Sciences: Climate Science,3.0,Main Campus or Dubois Campus,Lecture,Ian Chang (Primary),,,,,"Tuesday,Thursday",01:00  PM,02:15  PM,McEniry,116,08/17/2026,12/10/2026,7,0,,
ESCI,6130,001,15593,Teaching and Learning in the Geosciences,3.0,Main Campus or Dubois Campus,Lecture,Casey Davenport (Primary),,,,,"Tuesday,Thursday",10:00  AM,11:15  AM,McEniry,203,08/17/2026,12/10/2026,5,1,,
ESCI,6202,001,15594,Biogeochemical Cycles,3.0,Main Campus or Dubois Campus,Lecture,Craig Allan (Primary),,,,,Wednesday,05:30  PM,08:15  PM,McEniry,405,08/17/2026,12/10/2026,15,12,,
ESCI,6600,001,11099,Earth Sciences Grad Seminar,1.0,Main Campus or Dubois Campus,Lecture,Brian Magi (Primary),,,,,Friday,02:30  PM,03:45  PM,McEniry,116,08/17/2026,12/10/2026,26,15,3.0,3.0
ESCI,6600,002,12575,Earth Sciences Grad Seminar,1.0,Main Campus or Dubois Campus,Lecture,Brian Magi (Primary),,,,,Friday,02:30  PM,03:45  PM,McEniry,116,08/17/2026,12/10/2026,7,5,,
ECON,2101,005,10910,Principles of Macroeconomics,3.0,Main Campus or Dubois Campus,Lecture,,"Social Science Requirement

Student Data Mart - Gen Ed",,,,"Tuesday,Thursday",01:00  PM,02:15  PM,McEniry,124,08/17/2026,12/10/2026,125,0,11.0,11.0
BIOL,8140,001,13122,Evolutionary Biology,3.0,Main Campus or Dubois Campus,Lecture,Tuan Cao (Primary),,,,,"Tuesday,Thursday",10:00  AM,11:15  AM,McEniry,123,08/17/2026,12/10/2026,12,9,3.0,3.0
BUSN,1101,B01,11344,Introduction to Business and Professional Development,3.0,Main Campus or Dubois Campus,Lecture,Nicole Montgomery (Primary),,,,,"Monday,Wednesday,Friday",12:20  PM,01:10  PM,McEniry,116,08/17/2026,12/10/2026,35,35,3.0,3.0
BLAW,3150,003,11076,Business Law I,3.0,Main Campus or Dubois Campus,Lecture,Carla Boles (Primary),,,,,"Tuesday,Thursday",02:30  PM,03:45  PM,McEniry,124,08/17/2026,12/10/2026,155,0,10.0,1.0
CHEM,1251,001,10444,General Chemistry I,3.0,Main Campus or Dubois Campus,Lecture,Eric McKenzie (Primary),Student Data Mart - Gen Ed,,,,"Monday,Wednesday,Friday",10:10  AM,11:00  AM,McEniry,124,08/17/2026,12/10/2026MondaySMTWTFS02:30  PM - 03:45  PM Type: Class Building: McEniry Room: 125 Start Date: 08/17/2026 End Date: 12/10/2026ThursdaySMTWTFS04:00  PM - 05:15  PM Type: Class Building: McEniry Room: 124 Start Date: 08/17/2026 End Date: 12/10/2026,175,47,17.0,17.0
CHEM,1251,002,10866,General Chemistry I,3.0,Main Campus or Dubois Campus,Lecture,Eric McKenzie (Primary),Student Data Mart - Gen Ed,,,,"Monday,Wednesday,Friday",11:15  AM,12:05  PM,McEniry,125,08/17/2026,12/10/2026WednesdaySMTWTFS02:30  PM - 03:45  PM Type: Class Building: Storrs Room: 110 Start Date: 08/17/2026 End Date: 12/10/2026ThursdaySMTWTFS05:30  PM - 06:45  PM Type: Class Building: Storrs Room: 110 Start Date: 08/17/2026 End Date: 12/10/2026,150,57,,
CHEM,1251,004,10886,General Chemistry I,3.0,Main Campus or Dubois Campus,Lecture,Chase Slowey (Primary),Student Data Mart - Gen Ed,,,,"Tuesday,Thursday",11:30  AM,12:45  PM,McEniry,125,08/17/2026,12/10/2026WednesdaySMTWTFS04:00  PM - 05:15  PM Type: Class Building: McEniry Room: 125 Start Date: 08/17/2026 End Date: 12/10/2026ThursdaySMTWTFS04:00  PM - 05:15  PM Type: Class Building: College of Health & Human Serv Room: 155 Start Date: 08/17/2026 End Date: 12/10/2026,175,43,17.0,17.0
CHEM,1251,005,12196,General Chemistry I,3.0,Main Campus or Dubois Campus,Lecture,Ali Koohang (Primary),Student Data Mart - Gen Ed,,,,"Tuesday,Thursday",01:00  PM,02:15  PM,McEniry,125,08/17/2026,12/10/2026WednesdaySMTWTFS02:30  PM - 03:45  PM Type: Class Building: Fretwell Room: 100 Start Date: 08/17/2026 End Date: 12/10/2026ThursdaySMTWTFS05:30  PM - 06:45  PM Type: Class Building: McEniry Room: 124 Start Date: 08/17/2026 End Date: 12/10/2026,175,119,17.0,17.0
CHEM,1252,001,10868,General Chemistry II,3.0,Main Campus or Dubois Campus,Lecture,,Student Data Mart - Gen Ed,,,,"Monday,Wednesday,Friday",09:05  AM,09:55  AM,McEniry,124,08/17/2026,12/10/2026WednesdaySMTWTFS04:00  PM - 05:15  PM Type: Class Building: Energy Prod & Infrastructr Ctr Room: G256 Start Date: 08/17/2026 End Date: 12/10/2026MondaySMTWTFS05:30  PM - 06:45  PM Type: Class Building: McEniry Room: 125 Start Date: 08/17/2026 End Date: 12/10/2026,165,90,16.0,16.0
CHEM,1252,002,11544,General Chemistry II,3.0,Main Campus or Dubois Campus,Lecture,Taylor Outlaw (Primary),Student Data Mart - Gen Ed,,,,"Tuesday,Thursday",08:30  AM,09:45  AM,McEniry,125,08/17/2026,12/10/2026WednesdaySMTWTFS02:30  PM - 03:45  PM Type: Class Building: McEniry Room: 125 Start Date: 08/17/2026 End Date: 12/10/2026MondaySMTWTFS05:30  PM - 06:45  PM Type: Class Building: College of Health & Human Serv Room: 155 Start Date: 08/17/2026 End Date: 12/10/2026,165,87,16.0,16.0
CHEM,3141L,L02,10570,Physical Chemistry Lab,1.0,Main Campus or Dubois Campus,Lab,Lauren Woods (Primary),,,,,Wednesday,02:30  PM,05:15  PM,McEniry,405,08/17/2026,12/10/2026,12,0,2.0,0.0
CHNS,3050,001,15471,Topics in Chinese: Chinese Film,3.0,Main Campus or Dubois Campus,Lecture,Amanda Zhou (Primary),,,,,"Monday,Wednesday",02:30  PM,03:45  PM,McEniry,123,08/17/2026,12/10/2026,24,0,2.0,1.0
COMM,2100,005,13337,Intro to Comm Theory,3.0,Main Campus or Dubois Campus,Lecture,Cliff Scott (Primary),,,,,"Monday,Wednesday",12:20  PM,01:10  PM,McEniry,124,08/17/2026,12/10/2026FridaySMTWTFS12:20  PM - 01:10  PM Type: Class Building: Fretwell Room: 410 Start Date: 08/17/2026 End Date: 12/10/2026,20,0,,
COMM,2100,006,13338,Intro to Comm Theory,3.0,Main Campus or Dubois Campus,Lecture,Cliff Scott (Primary),,,,,"Monday,Wednesday",12:20  PM,01:10  PM,McEniry,124,08/17/2026,12/10/2026FridaySMTWTFS01:25  PM - 02:15  PM Type: Class Building: Fretwell Room: 410 Start Date: 08/17/2026 End Date: 12/10/2026,20,2,,
COMM,4652,001,12941,Advanced Seminar in Media & Technology Studies: Global Media,3.0,Main Campus or Dubois Campus,Seminar,Min Jiang (Primary),,,,,"Tuesday,Thursday",10:00  AM,11:15  AM,McEniry,118,08/17/2026,12/10/2026,30,13,3.0,3.0
ITSC,3160,002,14963,Database Design and Implementation,3.0,Main Campus or Dubois Campus,Lecture,Todd Dobbs (Primary),,,,,Thursday,04:00  PM,05:15  PM,McEniry,116,08/17/2026,12/10/2026,75,0,8.0,7.0
ACCT,3323,006,17733,Intermediate Accounting I,3.0,Main Campus or Dubois Campus,Lecture,Paul Tanyi (Primary),,,,,"Tuesday,Thursday",02:30  PM,03:45  PM,McEniry,401,08/17/2026,12/10/2026,10,6,,
ACCT,3323,090,17618,Intermediate Accounting I,3.0,Main Campus or Dubois Campus,Lecture,Ashley Samaroo (Primary),,,,,Tuesday,05:30  PM,08:15  PM,McEniry,123,08/17/2026,12/10/2026,30,3,,
AMST,3050,004,12512,Topics in AMST: The Vietnam War in Popular American Culture,3.0,Main Campus or Dubois Campus,Lecture,Wolfgang Schacht (Primary),,,,,"Tuesday,Thursday",01:00  PM,02:15  PM,McEniry,127,08/17/2026,12/10/2026,40,35,4.0,4.0
AMST,3100,004,15809,Intro to American Studies: The 2000s,3.0,Main Campus or Dubois Campus,Lecture,LeeAnn Pounds (Primary),,,,,"Tuesday,Thursday",04:00  PM,05:15  PM,McEniry,127,08/17/2026,12/10/2026,48,36,5.0,5.0
ANTH,4601,001,10248,Seminar in General Anthropology,3.0,Main Campus or Dubois Campus,Seminar,Nicole Peterson (Primary),,,,,"Monday,Wednesday",11:15  AM,12:05  PM,McEniry,118,08/17/2026,12/10/2026,18,10,,
ANTH,4611,001,12130,Senior Seminar in Applied Anthropology,3.0,Main Campus or Dubois Campus,Seminar,Nicole Peterson (Primary),Student Data Mart - Gen Ed,,,,"Monday,Wednesday",11:15  AM,12:05  PM,McEniry,118,08/17/2026,12/10/2026,10,6,,
ARTB,1206,001,10204,First Year Seminar,3.0,Main Campus or Dubois Campus,Lecture,Jae Emerling (Primary),,,,,Friday,12:20  PM,02:50  PM,McEniry,124,08/17/2026,12/10/2026,150,91,,
BIOL,1110,003,10527,Principles of Biology I,3.0,Main Campus or Dubois Campus,Lecture,Sam Suptela (Primary),Student Data Mart - Gen Ed,,,,"Tuesday,Thursday",11:30  AM,12:45  PM,McEniry,116,08/17/2026,12/10/2026,50,0,,
BIOL,6140,001,13121,Evolutionary Biology,3.0,Main Campus or Dubois Campus,Lecture,Tuan Cao (Primary),,,,,"Tuesday,Thursday",10:00  AM,11:15  AM,McEniry,123,08/17/2026,12/10/2026,12,1,3.0,3.0
